run_id,executor_type,threads,num_tasks,period_set,utilization,dag_depth,wcet_variation,duration_sec,warmup_sec,task_id,total_jobs,misses,miss_rate,maximum_response_time_us,maximum_lateness_us,mean_response_time_us,stddev_response_time_us,p99_response_time_us,total_attempts,skipped_due_dependency
smoke_single,single,1,6,harmonic,0.600000,3,0.100000,8,2,0,666,666,1.000000,1774841,1764841,1063066.021021,393598.717494,1729146.000000,826,0
smoke_single,single,1,6,harmonic,0.600000,3,0.100000,8,2,1,355,355,1.000000,1236703,1216703,743282.247887,267550.547997,1200545.000000,440,0
smoke_single,single,1,6,harmonic,0.600000,3,0.100000,8,2,2,202,26,0.128713,64442,24442,38093.574257,8756.481194,63478.000000,250,0
smoke_single,single,1,6,harmonic,0.600000,3,0.100000,8,2,3,100,0,0.000000,80000,0,50438.370000,14129.714047,79908.000000,124,0
smoke_single,single,1,6,harmonic,0.600000,3,0.100000,8,2,4,51,0,0.000000,97216,-62783,75033.784314,17107.859162,97216.000000,62,0
smoke_single,single,1,6,harmonic,0.600000,3,0.100000,8,2,5,25,0,0.000000,96247,-223752,72414.920000,8169.666267,96247.000000,31,0
